id,vendor_id,passenger_count,pickup_longitude,pickup_latitude,dropoff_longitude,dropoff_latitude,trip_duration
id2875421,2,1,-73.982154850,40.767936710,-73.964630130,40.765602110,455
id2377394,1,1,-73.980415340,40.738563540,-73.999481200,40.731151580,663
id3858529,2,1,-73.979026790,40.763938900,-74.005332950,40.710086820,2124
id3504673,2,1,-74.010040280,40.719970700,-74.012268070,40.706718440,429
id2181028,2,1,-73.973052980,40.793209080,-73.972923280,40.782520290,435
id0801584,2,6,-73.982856750,40.742195130,-73.992080690,40.749183650,443
id1813257,1,4,-73.969017030,40.757839200,-73.957405090,40.765895840,341
id1324603,2,1,-73.969276430,40.797779080,-73.922470090,40.760559080,1551
id1301050,1,1,-73.999481200,40.738399510,-73.985786440,40.732814790,255
id0012891,2,1,-73.981048580,40.744338990,-73.972999570,40.789989470,1225
id1436371,2,1,-73.982650760,40.763839720,-74.002227780,40.732990260,1274
id1299289,2,4,-73.991531370,40.749439240,-73.956542970,40.770629880,1128
id1187965,2,2,-73.962982180,40.756679530,-73.984405520,40.760719300,1114
id0799785,2,1,-73.956306460,40.767940520,-73.966110230,40.763000490,260
id2900608,2,1,-73.992195130,40.727226260,-73.974655150,40.783069610,1414
id3319787,1,1,-73.955513000,40.768592830,-73.948760990,40.771545410,211
id3379579,2,1,-73.991165160,40.755561830,-73.999290470,40.725353240,2316
id1154431,1,1,-73.994255070,40.745803830,-73.999656680,40.723342900,731
id3552682,1,1,-74.003982540,40.713012700,-73.979194640,40.749923710,1317
id3390316,2,1,-73.983886720,40.738197330,-73.991203310,40.727870940,251
id2070428,1,1,-73.980369570,40.742420200,-73.962852480,40.760635380,486
id0809232,2,1,-73.979537960,40.753360750,-73.963996890,40.763458250,652
id2352683,1,1,-73.995864870,40.758811950,-73.993324280,40.740322110,423
id1603037,1,1,-73.993553160,40.747173310,-74.006141660,40.704383850,1163
id3321406,2,1,-73.955230710,40.777133940,-73.788749690,40.641471860,2485
id0129640,2,1,-73.956581120,40.771358490,-73.974967960,40.732791900,1283
id3587298,1,1,-73.983764650,40.749874110,-73.958831790,40.800960540,1130
id2104175,1,1,-73.958435060,40.713191990,-73.949539180,40.680252080,694
id3973319,2,1,-73.994216920,40.713306430,-73.982849120,40.692298890,892
id1410897,1,1,-73.982116700,40.756351470,-73.865692140,40.770988460,2331
id0266980,1,1,-73.970939640,40.761669160,-73.996238710,40.725368500,1479
id2822549,2,1,-73.998268130,40.720039370,-74.010360720,40.672138210,1048
id3075902,2,2,-74.005500790,40.706588750,-73.985816960,40.744201660,1022
id0023813,1,1,-73.990310670,40.756580350,-73.870918270,40.773929600,2269
id3970352,1,1,-74.008995060,40.712589260,-73.998634340,40.722808840,707
id3361153,1,1,-73.994560240,40.750526430,-73.978500370,40.756191250,526
id1870624,1,3,-73.951515200,40.770248410,-73.958526610,40.761516570,553
id2403238,1,1,-73.988067630,40.728080750,-73.980751040,40.721469880,277
id3323083,1,2,-73.978126530,40.758342740,-73.992248540,40.730541230,1189
id3720663,1,1,-73.977767940,40.774078370,-73.947143550,40.775993350,1523
id0578558,1,2,-73.988548280,40.745979310,-73.970886230,40.793384550,1450
id2573056,2,2,-73.974723820,40.751136780,-73.954444890,40.764118190,1102
id2129090,1,1,-73.975090030,40.758766170,-73.953201290,40.765068050,1346
id3961107,1,1,-73.976470950,40.739780430,-73.980667110,40.729965210,363
id3326491,2,1,-73.979644780,40.739631650,-73.994728090,40.723495480,559
id0718344,2,1,-74.016326900,40.704990390,-73.982109070,40.773750310,1478
id3188770,1,1,-73.985137940,40.732192990,-73.989639280,40.720874790,348
id1956279,2,1,-73.981658940,40.778972630,-73.969810490,40.792129520,375
id2391523,1,3,-73.966163640,40.766914370,-73.992179870,40.725818630,1217
id2662609,1,1,-73.965469360,40.765846250,-73.960952760,40.796928410,876
id2067879,2,1,-73.996818540,40.752861020,-73.809005740,40.816875460,1557
id1939961,1,1,-73.977256770,40.774246220,-73.990013120,40.732654570,1647
id0675800,2,6,-73.977752690,40.754631040,-74.001678470,40.756420140,634
id2569332,1,1,-73.968727110,40.786437990,-73.960495000,40.778152470,365
id0526266,2,1,-73.934883120,40.801010130,-73.983001710,40.722568510,819
id1388344,2,2,-73.982337950,40.762809750,-73.982856750,40.748779300,1228
id1079955,1,1,-73.994850160,40.718780520,-73.983413700,40.758850100,2607
id0256505,1,1,-73.994483950,40.745086670,-73.998992920,40.722709660,695
id1530524,1,1,-73.953422550,40.767658230,-73.980316160,40.737781520,472
id1674872,1,1,-73.951850890,40.714069370,-73.967971800,40.688720700,526
id1040444,2,4,-73.976951600,40.752021790,-74.001213070,40.751613620,721
id1674996,1,1,-74.001800540,40.726135250,-74.007156370,40.740806580,512
id1965939,1,1,-73.994094850,40.761550900,-73.980636600,40.789638520,720
id0442192,1,1,-74.006324770,40.733390810,-74.000007630,40.743255620,174
id0515898,2,1,-74.002571110,40.739311220,-73.991882320,40.744998930,478
id1182327,2,1,-73.948303220,40.774436950,-73.963706970,40.755485530,788
id3913101,1,2,-74.001411440,40.761432650,-73.924629210,40.864028930,1003
id1680350,1,1,-74.002983090,40.723312380,-74.001556400,40.728824620,215
id0913838,2,5,-73.978332520,40.754070280,-73.959732060,40.772758480,870
id3896508,2,1,-73.863380430,40.769889830,-73.837127690,40.721359250,814
id2846400,2,1,-73.997253420,40.717960360,-73.999252320,40.730018620,637
id1510700,2,1,-73.958396910,40.772628780,-73.955131530,40.774242400,57
id0813128,2,2,-73.991203310,40.749553680,-73.979194640,40.746307370,589
id1158195,1,1,-73.992324830,40.730720520,-73.872505190,40.774497990,2275
id0959273,1,1,-73.988838200,40.768901820,-73.955535890,40.771743770,647
id0739660,1,3,-73.964721680,40.806606290,-73.984573360,40.760677340,1628
id3769871,1,1,-73.943145750,40.789630890,-73.989479060,40.762763980,2337
id1818021,1,1,-74.011169430,40.703605650,-74.005691530,40.741359710,674
id0982165,2,1,-73.980316160,40.758850100,-74.010139470,40.705081940,1190
id1519515,2,1,-73.950492860,40.771266940,-74.001243590,40.746490480,1191
id1082443,2,1,-73.987121580,40.768474580,-73.975822450,40.759712220,785
id2934884,2,1,-73.986389160,40.756614690,-73.999794010,40.761631010,520
id1205949,1,1,-73.962608340,40.758827210,-73.954193120,40.764053340,218
id2592310,2,1,-73.990417480,40.756881710,-73.981979370,40.759990690,222
id0883711,1,1,-73.993637080,40.734218600,-73.961463930,40.769298550,1204
id0283075,1,1,-73.782478330,40.644645690,-73.981124880,40.720886230,1782
id2107497,1,2,-74.013954160,40.712833400,-73.997550960,40.718074800,1174
id2090852,2,1,-73.968826290,40.754196170,-73.972755430,40.746612550,336
id1297351,2,1,-74.003288270,40.726970670,-73.993301390,40.739120480,470
id0667605,2,1,-73.991058350,40.739570620,-74.006103520,40.734550480,346
id1476107,1,1,-73.966880800,40.788681030,-73.962821960,40.775726320,419
id0673727,2,1,-73.961677550,40.775966640,-73.857391360,40.733284000,1762
id2030290,1,3,-73.864318850,40.769828800,-73.985862730,40.760952000,2341
id3770790,1,1,-73.992233280,40.744281770,-74.008232120,40.748825070,406
id3025098,2,1,-73.976982120,40.750301360,-73.999122620,40.739509580,596
id3333094,2,1,-73.973464970,40.755229950,-73.977363590,40.742820740,435
id2228940,1,1,-73.981864930,40.758773800,-73.970222470,40.784141540,1108
id2102594,1,1,-73.789840700,40.643558500,-73.970664980,40.687278750,2824
id0010677,1,2,-73.991973880,40.749996190,-73.977882390,40.754894260,769
id3194108,1,1,-74.005027770,40.746452330,-73.972007750,40.745780940,1826
id2063827,1,1,-73.981414790,40.756732940,-73.970565800,40.755695340,593
id0105610,1,3,-73.789718630,40.643707280,-73.978698730,40.750343320,2065
id3502065,1,1,-73.974014280,40.757152560,-73.949737550,40.777091980,653
id3508035,2,6,-73.788131710,40.641460420,-73.971771240,40.749408720,1884
id3236276,2,1,-73.956039430,40.767608640,-73.968200680,40.786689760,989
id3277902,1,1,-73.973167420,40.755699160,-73.988655090,40.736995700,419
id2335059,1,4,-73.975807190,40.760627750,-73.987785340,40.754920960,962
id2300865,1,1,-73.965881350,40.762840270,-73.960990910,40.770874020,243
id3962434,2,2,-73.989273070,40.756488800,-74.002799990,40.760501860,373
id2677672,1,2,-73.945755000,40.773681640,-73.953430180,40.781078340,384
id0589360,1,1,-73.863677980,40.769771580,-74.007217410,40.704895020,2753
id0970832,1,1,-74.008247380,40.747352600,-73.979446410,40.718750000,1561
id0694434,1,1,-74.006797790,40.706073760,-73.974021910,40.744075780,505
id3729136,2,2,-73.977272030,40.757350920,-74.002433780,40.734401700,900
id2358953,2,1,-73.870819090,40.773738860,-73.857498170,41.017810820,2116
id0935429,1,1,-73.999092100,40.745491030,-73.978561400,40.762325290,611
id3056417,2,1,-73.984359740,40.742710110,-73.987747190,40.751888280,972
id1152886,2,1,-73.961677550,40.771179200,-73.952110290,40.784358980,604
id1796723,1,1,-73.993858340,40.735797880,-73.994621280,40.750461580,594
id0045014,1,1,-73.950126650,40.780086520,-73.962829590,40.762683870,574
id2648478,1,1,-73.951576230,40.766468050,-73.960212710,40.760540010,297
id0702030,1,1,-73.999298100,40.749534610,-74.005363460,40.743518830,101
id3024438,2,1,-73.953720090,40.775295260,-73.991195680,40.726318360,1041
id2146569,2,1,-73.976799010,40.749950410,-73.981567380,40.745769500,212
id2307151,1,1,-73.961952210,40.800445560,-73.978416440,40.782791140,422
id2049424,2,1,-73.963890080,40.773651120,-74.005111690,40.751491550,1356
id2209089,1,1,-74.006912230,40.730361940,-74.005943300,40.727069850,416
id0391524,1,1,-73.978645320,40.748035430,-73.970130920,40.762737270,1118
id2681033,1,1,-73.976829530,40.788211820,-73.983749390,40.762531280,874
id2040275,1,1,-73.936943050,40.798233030,-73.946380620,40.780883790,321
id0073842,2,1,-73.990051270,40.738010410,-73.990936280,40.725215910,400
id3942339,1,1,-73.978828430,40.752803800,-73.991035460,40.750419620,934
id2991616,2,3,-73.983566280,40.755561830,-73.982368470,40.766960140,773
id1047459,2,3,-73.988410950,40.758960720,-73.991897580,40.770690920,337
id1737558,1,1,-73.960235600,40.762229920,-73.950592040,40.775314330,234
id2135557,2,5,-73.970283510,40.764831540,-73.957572940,40.782478330,474
id0659170,2,1,-73.968658450,40.764507290,-73.872833250,40.771453860,1314
id1125774,1,2,-73.994537350,40.740234380,-73.976188660,40.762592320,482
id1886740,1,1,-73.985115050,40.768726350,-73.951667790,40.774433140,566
id1982306,2,2,-73.984939580,40.751857760,-73.983543400,40.744335170,189
id2684106,2,2,-74.001007080,40.731781010,-73.987152100,40.771003720,913
id0038484,2,2,-73.972854610,40.764400480,-73.971809390,40.757888790,736
id1734208,2,6,-73.997077940,40.720638280,-73.999633790,40.745838170,714
id0561467,1,1,-73.972549440,40.794017790,-73.954055790,40.766300200,815
id3092788,2,2,-73.984771730,40.710571290,-73.989410400,40.730148320,972
id1741519,2,1,-73.984786990,40.743015290,-73.993606570,40.735286710,318
id1330402,2,1,-73.991821290,40.750076290,-73.971054080,40.756698610,625
id2505596,2,1,-73.984985350,40.748580930,-73.981277470,40.769115450,859
id1630509,2,2,-73.993667600,40.741878510,-73.984588620,40.754299160,141
id0512853,1,1,-73.969566350,40.769165040,-73.986526490,40.730335240,983
id3089912,2,2,-73.989959720,40.741081240,-73.976966860,40.747451780,565
id1137965,1,1,-73.989135740,40.775020600,-73.981819150,40.766059880,351
id3677225,2,1,-73.967880250,40.759811400,-73.953826900,40.778881070,342
id0401226,1,4,-74.006706240,40.705554960,-73.991691590,40.749721530,909
id2452605,2,1,-73.996269230,40.749851230,-73.994766240,40.736480710,227
id3618302,2,6,-73.987319950,40.750640870,-73.989288330,40.769405360,1078
id1552358,2,1,-73.975433350,40.752132420,-73.990783690,40.750942230,900
id1168234,1,1,-74.000205990,40.737846370,-74.000312810,40.722866060,631
id2910320,2,1,-73.955459590,40.767307280,-73.988998410,40.693168640,1385
id3331830,1,1,-73.964866640,40.755790710,-73.975807190,40.757354740,869
id0195963,2,1,-73.999160770,40.744369510,-73.988708500,40.758701320,574
id0762989,2,1,-73.977615360,40.763572690,-73.972572330,40.765956880,104
id2671060,2,1,-73.953117370,40.771800990,-73.947921750,40.783149720,418
id3620795,1,1,-74.001609800,40.740810390,-73.996223450,40.725902560,383
id2282206,1,2,-73.962181090,40.810726170,-73.994834900,40.752811430,1117
id0591292,1,1,-73.986968990,40.742851260,-73.994285580,40.761356350,1447
id0906779,1,2,-73.971557620,40.750629430,-73.952629090,40.631595610,2543
id2326430,2,1,-73.956878660,40.774871830,-73.936508180,40.857185360,981
id3863815,2,3,-73.944358830,40.714488980,-73.910530090,40.709491730,755
id3048297,2,1,-73.972793580,40.755596160,-73.873123170,40.774456020,1257
id3649509,1,2,-74.005546570,40.709262850,-73.970146180,40.762741090,1221
id1783063,2,2,-73.984649660,40.745979310,-73.977378850,40.759651180,940
id3363012,2,1,-73.961967470,40.770080570,-73.960777280,40.775051120,126
id0514638,1,1,-73.969421390,40.800033570,-73.968177800,40.791702270,350
id0627115,2,1,-73.982627870,40.762111660,-73.993370060,40.747489930,737
id3141299,2,3,-73.995773320,40.742568970,-74.008094790,40.722770690,690
id2003497,1,2,-74.000076290,40.748298650,-73.989883420,40.737964630,671
id3748197,1,1,-73.999168400,40.734233860,-73.982093810,40.740276340,463
id2983261,1,1,-74.014251710,40.713912960,-74.004623410,40.705383300,367
id0485870,2,1,-73.990898130,40.750663760,-73.993217470,40.734199520,369
id0835694,1,1,-73.975105290,40.755691530,-73.985595700,40.747474670,402
id3426410,2,5,-73.967437740,40.759349820,-74.012687680,40.701610570,1093
id3673678,2,1,-73.975997920,40.751136780,-74.001853940,40.735229490,657
id2460349,1,2,-73.978950500,40.750930790,-73.964393620,40.754962920,530
id3198639,1,1,-73.979789730,40.781265260,-73.940879820,40.823223110,733
id1872601,2,2,-73.986862180,40.750961300,-74.005378720,40.740028380,699
id0125957,1,2,-73.967018130,40.753005980,-73.951629640,40.769359590,294
id3526986,2,1,-73.970382690,40.764991760,-73.949668880,40.768459320,661
id3170873,1,1,-74.002433780,40.717166900,-73.985969540,40.726749420,652
id1674373,2,5,-74.007499690,40.740951540,-74.016647340,40.704910280,586
id2973697,2,2,-73.995384220,40.749298100,-73.989326480,40.718147280,1057
id1592044,1,1,-73.986679080,40.725849150,-73.997467040,40.735153200,580
id3899813,2,5,-73.980026250,40.765968320,-73.991203310,40.750350950,1151
id2075052,1,1,-73.954498290,40.766807560,-73.987785340,40.720878600,660
id3707411,1,1,-74.007728580,40.740608220,-73.983512880,40.737209320,803
id1608545,1,1,-74.006797790,40.731071470,-73.974960330,40.758468630,1954
id3517425,2,6,-73.980926510,40.755241390,-74.004554750,40.729652400,1030
id3942917,1,4,-73.862777710,40.769313810,-73.986129760,40.748580930,2817
id2000923,2,5,-73.987869260,40.765098570,-73.993606570,40.758949280,85
id3564028,1,1,-73.954132080,40.774784090,-73.947418210,40.779632570,194
id1233453,1,1,-73.972099300,40.782207490,-73.964515690,40.777549740,116
id1372674,2,1,-73.978210450,40.777160640,-73.957626340,40.774547580,806
id2806146,2,1,-73.983573910,40.738418580,-74.005485530,40.739559170,599
id1832737,2,1,-73.984710690,40.760181430,-73.979560850,40.752704620,364
id1489766,2,1,-73.989891050,40.747158050,-73.974945070,40.741745000,433
id3308765,2,4,-73.863471980,40.769817350,-73.871536250,40.763103490,598
id1935437,2,1,-73.975860600,40.757240300,-74.177597050,40.690948490,1665
id2059551,2,1,-73.956657410,40.780769350,-73.969642640,40.800102230,838
id2433939,1,3,-73.873008730,40.774120330,-73.976074220,40.749912260,1699
id2677357,2,2,-73.971633910,40.781963350,-73.981689450,40.778995510,331
id2336715,2,2,-73.984359740,40.748985290,-73.996284480,40.716056820,622
id3525276,1,1,-73.970970150,40.764125820,-73.962280270,40.776180270,343
id3729126,1,1,-73.866912840,40.771877290,-73.794692990,40.734790800,998
id1073968,1,1,-73.955215450,40.780246730,-73.861831670,40.768455510,1365
id0562336,2,2,-73.952743530,40.772258760,-73.977767940,40.739112850,592
id1163958,1,1,-73.972579960,40.748905180,-73.961563110,40.760517120,313
id1681877,1,1,-73.955261230,40.780242920,-73.969871520,40.789764400,890
id0945119,2,6,-74.002838130,40.760360720,-73.988410950,40.778980260,558
id2939783,1,1,-73.990066530,40.751934050,-73.989753720,40.723869320,1389
id2050990,2,1,-73.990081790,40.756736760,-73.955131530,40.677524570,2556
id3780362,2,2,-73.949523930,40.776611330,-73.942672730,40.785968780,135
id2233338,2,2,-73.995140080,40.750000000,-73.993698120,40.735500340,533
id1445390,2,3,-73.960121150,40.781951900,-73.971969600,40.755039220,1035
id0345679,2,1,-73.997520450,40.721241000,-73.988006590,40.720821380,574
id0570525,1,1,-73.998374940,40.725925450,-73.990310670,40.731128690,304
id0872662,2,3,-73.978309630,40.737159730,-73.973213200,40.743949890,138
id3114338,2,1,-73.965110780,40.775089260,-73.952369690,40.766460420,559
id2718231,1,1,-73.992500310,40.740444180,-73.840110780,40.719516750,1216
id0618376,2,1,-74.006118770,40.717918400,-74.013504030,40.715682980,212
id1697059,1,1,-73.958106990,40.742168430,-73.931709290,40.768066410,788
id1868620,2,1,-73.781860350,40.644683840,-73.961921690,40.767032620,1746
id0000569,1,3,-73.961975100,40.767734530,-73.958587650,40.773010250,123
id0952827,2,1,-73.998062130,40.674808500,-74.004440310,40.732650760,853
id0464363,2,1,-73.951087950,40.711063390,-73.938926700,40.707386020,268
id0608846,2,1,-73.980102540,40.753704070,-73.993316650,40.741611480,704
id3567125,1,1,-73.981559750,40.766326900,-73.911590580,40.763885500,2678
id3996183,1,1,-73.990310670,40.718864440,-73.995544430,40.736873630,715
id1474156,1,2,-73.970466610,40.799175260,-74.017211910,40.705192570,1081
id0695483,1,3,-74.002388000,40.749553680,-73.977783200,40.754081730,798
id3609971,1,1,-73.990905760,40.756271360,-73.976814270,40.759689330,1348
id3956459,2,1,-73.986907960,40.761608120,-74.008407590,40.711620330,1327
id0088231,2,3,-74.008171080,40.745002750,-73.955093380,40.804836270,1030
id1957034,1,1,-73.994880680,40.750213620,-73.962219240,40.711620330,2456
id1838067,2,1,-73.963180540,40.774230960,-73.955551150,40.778690340,326
id3342568,1,1,-73.984848020,40.724334720,-73.884117130,40.716716770,2159
id3487442,2,1,-73.981819150,40.768962860,-73.981819150,40.768962860,227
id1401963,1,1,-73.976028440,40.776126860,-73.948387150,40.778156280,1535
id1597742,2,5,-73.983795170,40.750705720,-73.977355960,40.766120910,490
id3271420,2,4,-73.973464970,40.760879520,-73.966133120,40.761203770,398
id0850673,2,1,-73.981330870,40.747268680,-74.005493160,40.739021300,1034
id0171820,2,1,-74.004524230,40.724193570,-74.004493710,40.724666600,189
id0514543,2,1,-73.982536320,40.775661470,-73.969451900,40.802089690,1119
id1991106,1,1,-73.967788700,40.762699130,-73.981475830,40.742191310,487
id2142187,1,1,-73.987068180,40.756633760,-73.960304260,40.780773160,711
id0526379,1,1,-73.986099240,40.719486240,-73.945961000,40.711437230,654
id2548131,1,2,-74.007781980,40.740943910,-73.971176150,40.800800320,947
id2452855,2,1,-73.985069270,40.732204440,-73.910491940,40.696815490,1445
id0315726,2,1,-73.983436580,40.731681820,-73.948005680,40.714160920,1276
id2527828,2,1,-73.991157530,40.745780940,-73.983390810,40.771461490,1748
id1630336,1,1,-73.982040410,40.759677890,-73.947052000,40.773159030,750
id2353964,2,1,-73.961204530,40.760559080,-73.947135930,40.775932310,300
id2393811,1,1,-73.970581050,40.799045560,-73.989814760,40.767246250,963
id1774339,1,1,-73.949783330,40.780567170,-73.960067750,40.770408630,313
id1610798,2,1,-73.987434390,40.760139470,-73.990982060,40.744861600,621
id2452120,1,2,-73.974456790,40.756927490,-73.960906980,40.780143740,921
id2693088,2,2,-73.975418090,40.787075040,-73.942657470,40.823551180,892
id0828675,1,1,-73.994041440,40.751136780,-73.982635500,40.760688780,318
id1636593,2,1,-73.790153500,40.646614070,-73.981918330,40.756679530,2759
id0747713,2,1,-74.006690980,40.737640380,-74.003883360,40.738090520,156
id3655477,2,1,-73.988029480,40.737819670,-73.972068790,40.746078490,791
id0642318,2,1,-73.952522280,40.766269680,-73.983428960,40.734378810,962
id2390585,1,1,-73.863784790,40.769744870,-73.946258540,40.780414580,1378
id0369319,2,1,-73.986930850,40.750930790,-73.978309630,40.753261570,220
id0720321,1,1,-73.962638850,40.768226620,-73.953559880,40.772823330,448
id0860600,1,1,-74.000122070,40.717849730,-74.014579770,40.709674840,878
id1977372,2,1,-73.869682310,40.772548680,-73.913406370,40.680778500,1610
id2437858,2,5,-73.986831670,40.761829380,-73.977836610,40.792121890,604
id2165807,1,2,-74.003929140,40.725795750,-73.998878480,40.734764100,191
id1638921,1,1,-73.979713440,40.760562900,-73.993385310,40.736629490,1073
id0631726,2,1,-73.961517330,40.766021730,-73.949722290,40.781929020,278
id1947466,2,6,-73.981277470,40.780361180,-73.976150510,40.788600920,289
id1723822,1,3,-73.956062320,40.764152530,-73.943443300,40.791183470,632
id1144791,2,1,-73.991989140,40.743793490,-73.974700930,40.763401030,613
id1497423,1,1,-73.988723750,40.736976620,-73.982727050,40.750343320,805
id2917044,1,1,-74.017303470,40.705360410,-73.973930360,40.761566160,1217
id2538816,1,1,-74.003982540,40.748470310,-73.995056150,40.742942810,285
id2808378,1,1,-73.978645320,40.740932460,-74.012695310,40.701587680,1047
id2015130,2,1,-73.884040830,40.747608180,-73.904617310,40.747699740,404
id1062725,1,1,-73.990364070,40.756240840,-73.972953800,40.757289890,356
id3792892,1,1,-73.986663820,40.721683500,-73.972572330,40.685878750,1312
id0924324,2,2,-73.959068300,40.775661470,-73.959068300,40.775661470,1109
id1295254,1,1,-73.975982670,40.757747650,-73.982162480,40.740749360,422
id0222570,2,1,-73.947692870,40.783298490,-73.961044310,40.756652830,926
id3680395,1,1,-73.954788210,40.777965550,-73.947769170,40.779579160,115
id0552144,2,1,-73.885231020,40.772941590,-73.946952820,40.775260930,2040
id2034899,2,1,-73.989982600,40.751598360,-73.994430540,40.741001130,339
id1283389,1,1,-74.004371640,40.742347720,-74.010726930,40.723617550,865
id2040373,2,3,-73.961082460,40.769119260,-73.956947330,40.783420560,466
id2124906,2,1,-73.980278020,40.770191190,-73.963783260,40.774131770,428
id1660823,2,5,-73.982139590,40.775325780,-74.009849550,40.721698760,1279
id0989891,1,2,-73.989379880,40.719825740,-73.982604980,40.757503510,676
id2679117,1,1,-73.919982910,40.743572240,-73.926773070,40.755275730,292
id2145001,2,1,-73.945297240,40.774349210,-73.955436710,40.778598790,395
id3427182,1,1,-73.971923830,40.791904450,-73.969543460,40.765300750,1005
id2346299,2,1,-73.978660580,40.756301880,-73.988128660,40.737350460,705
id0105984,1,1,-73.985839840,40.726902010,-74.014274600,40.704067230,788
id1587327,1,3,-74.007720950,40.743003850,-73.989379880,40.747844700,320
id2519393,1,1,-73.994583130,40.702999110,-74.004127500,40.712928770,566
id1009714,1,1,-73.979354860,40.756191250,-73.979125980,40.742980960,515
id1027675,2,1,-73.969535830,40.755218510,-73.976524350,40.747947690,1197
id0802391,1,1,-73.997207640,40.724071500,-74.000617980,40.732154850,449
id2597894,1,1,-73.990409850,40.718795780,-73.986907960,40.750888820,1457
id1949220,1,1,-73.987144470,40.729499820,-73.960708620,40.797470090,1151
id3389249,2,1,-73.962188720,40.759132390,-73.962631230,40.773174290,603
id3245042,2,1,-73.985496520,40.747451780,-73.979072570,40.728038790,724
id1285469,2,1,-74.016479490,40.715408330,-74.012756350,40.706611630,1198
id3482709,2,1,-73.955192570,40.779991150,-73.957801820,40.776508330,72
id0496379,1,1,-73.961166380,40.777832030,-73.966041560,40.763866420,822
id1703171,2,5,-73.786216740,40.645286560,-73.993072510,40.729728700,2453
id2268459,1,1,-73.985359190,40.738410950,-73.870422360,40.773681640,1356
id3013319,2,1,-73.981399540,40.778793330,-73.976524350,40.782497410,93
id1265097,2,1,-73.989021300,40.718910220,-73.996482850,40.721179960,155
id2954399,1,1,-74.001029970,40.756652830,-74.000999450,40.756626130,40
id3152963,1,2,-73.955116270,40.769001010,-73.971542360,40.785369870,461
id1904421,2,2,-73.983985900,40.737873080,-74.004669190,40.708389280,741
id3611647,1,1,-73.995727540,40.754081730,-73.983932500,40.746543880,1092
id0910982,1,1,-73.952377320,40.810768130,-73.976066590,40.781143190,709
id2640178,1,1,-73.953979490,40.763858800,-73.996437070,40.715511320,1143
id0030324,1,1,-73.939826970,40.699562070,-73.931999210,40.689132690,256
id3883723,2,2,-73.979087830,40.759498600,-73.979560850,40.724334720,660
id0674885,1,1,-73.965751650,40.759574890,-73.979118350,40.765102390,357
id3260324,2,1,-73.932807920,40.758930210,-73.983207700,40.767009740,836
id1561466,2,1,-73.965728760,40.768730160,-73.955879210,40.673080440,2120
id2106816,1,1,-73.980880740,40.784336090,-73.956672670,40.780616760,570
id2605569,1,2,-73.926284790,40.703285220,-73.938018800,40.700408940,293
id3293082,2,5,-73.976486210,40.754989620,-73.991157530,40.751281740,806
id0790613,1,1,-73.986305240,40.777023320,-73.985855100,40.776790620,1778
id0202431,1,1,-74.004135130,40.742809300,-73.987792970,40.744865420,975
id2084457,2,3,-73.982536320,40.775081630,-73.971763610,40.784595490,464
id2595331,2,1,-73.954696660,40.773979190,-73.968452450,40.761508940,621
id3448735,1,1,-73.991500850,40.744892120,-73.983276370,40.760482790,333
id1431322,1,2,-74.009704590,40.739654540,-73.999595640,40.728836060,769
id0130751,1,1,-73.988197330,40.764289860,-73.872810360,40.774456020,2554
id1444884,2,1,-73.996566770,40.731975560,-73.979011540,40.749900820,952
id2797773,1,1,-73.967132570,40.793464660,-73.970390320,40.795749660,180
id0861216,2,1,-73.990249630,40.757286070,-73.963981630,40.756919860,620
id3833049,1,1,-73.994537350,40.766025540,-73.986381530,40.749061580,862
id1633648,1,1,-73.977905270,40.754871370,-73.952774050,40.768165590,918
id3252664,2,1,-73.967514040,40.766155240,-73.960525510,40.771442410,300
id3755869,2,3,-73.952941890,40.810188290,-73.945510860,40.778118130,993
id2440671,2,1,-73.863655090,40.769622800,-73.913223270,40.872798920,1968
id1489555,1,2,-73.944358830,40.808307650,-74.012313840,40.703845980,2113
id0162579,2,1,-73.992202760,40.744968410,-73.981391910,40.746990200,396
id1713541,1,1,-73.968078610,40.759376530,-73.984863280,40.768650050,606
id2732066,2,2,-74.004478450,40.722690580,-73.871070860,40.774250030,1466
id2445763,1,1,-73.983284000,40.773742680,-73.987380980,40.780372620,392
id3972131,2,3,-73.982872010,40.744987490,-73.989288330,40.744674680,226
id3779357,2,1,-73.966796880,40.767009740,-73.981788640,40.752288820,645
id0931190,1,1,-73.982749940,40.754154210,-74.015388490,40.711246490,1315
id1789034,1,1,-73.982559200,40.742351530,-73.992500310,40.725265500,619
id0746372,2,1,-73.954597470,40.769618990,-73.949592590,40.777069090,175
id2567660,2,1,-73.995544430,40.744010930,-73.983245850,40.763671880,906
id1787258,1,2,-73.954475400,40.783695220,-73.963516240,40.770065310,342
id0805117,2,3,-74.008659360,40.719608310,-73.998939510,40.727920530,673
id2828691,2,2,-74.001251220,40.736324310,-74.008697510,40.706966400,645
id2729614,2,1,-73.988388060,40.720024110,-73.992530820,40.659038540,1484
id1249988,2,1,-73.975540160,40.735630040,-73.962936400,40.712009430,1275
id2463869,2,1,-73.980384830,40.765644070,-73.991317750,40.774452210,589
id2904820,1,1,-73.782424930,40.644287110,-73.856582640,40.725502010,1342
id0180594,2,1,-74.000671390,40.758258820,-73.994613650,40.750530240,527
id0749370,1,1,-73.961944580,40.764541630,-73.968452450,40.763080600,314
id2848070,2,3,-74.001037600,40.741519930,-73.980323790,40.760448460,503
id3817493,2,1,-73.952880860,40.766468050,-73.978630070,40.761920930,1050
id3129802,1,1,-73.968124390,40.800437930,-73.865242000,40.770652770,1233
id3167292,2,1,-73.981178280,40.720901490,-73.977386470,40.726085660,204
id1924450,2,2,-74.005836490,40.745475770,-73.994026180,40.728401180,871
id1794468,2,1,-73.959411620,40.774227140,-73.953468320,40.779422760,248
id0204192,1,1,-73.870735170,40.773658750,-73.859916690,40.829090120,896
id3190007,2,1,-73.978271480,40.745655060,-73.965255740,40.758293150,734
id3348726,1,1,-73.973716740,40.794696810,-73.974433900,40.789119720,221
id3469446,2,6,-74.013000490,40.702438350,-74.014289860,40.712501530,350
id1915949,2,1,-73.991813660,40.743778230,-73.971160890,40.792728420,1259
id2899891,1,1,-73.974197390,40.757495880,-73.959838870,40.775489810,711
id0942991,2,1,-73.947151180,40.776187900,-73.973022460,40.755493160,851
id2772912,1,1,-73.885223390,40.772727970,-73.980583190,40.781665800,2629
id2851756,2,1,-73.994117740,40.751083370,-73.972145080,40.763481140,551
id0851036,1,1,-74.004035950,40.741973880,-73.973953250,40.764312740,650
id0283106,1,1,-74.007965090,40.715099330,-73.959838870,40.770381930,1356
id1697231,2,2,-73.982284550,40.778812410,-73.961288450,40.798618320,594
id3385889,1,1,-73.972686770,40.755863190,-73.977333070,40.758674620,940
id3591274,1,1,-73.961883540,40.756290440,-73.968025210,40.755714420,159
id3269098,2,1,-73.992301940,40.750335690,-73.965408330,40.768886570,1570
id3159798,1,1,-73.954887390,40.773296360,-73.969085690,40.802776340,808
id0828941,2,2,-74.010162350,40.719921110,-73.974906920,40.756919860,1397
id0995542,2,1,-74.007446290,40.733512880,-74.003608700,40.756412510,466
id0661736,1,2,-73.975875850,40.760894780,-73.971862790,40.750152590,750
id1408423,1,1,-73.973464970,40.784553530,-73.917518620,40.773857120,2235
id2476509,2,1,-73.862846370,40.769065860,-73.967636110,40.756023410,1219
id1575277,2,1,-73.999229430,40.722881320,-73.982879640,40.778297420,2052
id0860703,1,1,-73.976036070,40.776172640,-73.959251400,40.759189610,803
id3211119,1,1,-73.977127080,40.755878450,-73.938545230,40.809852600,666
id2379416,2,1,-73.989997860,40.719760890,-73.946258540,40.772960660,931
id2452510,2,6,-73.987968440,40.728225710,-73.978492740,40.764766690,946
id0040164,2,1,-73.964492800,40.763950350,-73.968032840,40.765350340,373
id1145809,2,6,-73.808486940,40.687335970,-73.808486940,40.687335970,947
id3214066,1,1,-73.982307430,40.775039670,-73.956176760,40.763744350,601
id0651671,2,1,-73.952301030,40.783908840,-73.960853580,40.760818480,1143
id0707492,2,1,-73.954345700,40.786922450,-73.958679200,40.778396610,370
id0599157,2,2,-73.995002750,40.739917760,-73.956298830,40.747581480,1330
id1309604,2,1,-73.969642640,40.677883150,-73.991264340,40.677703860,505
id0183474,2,1,-73.956504820,40.771278380,-73.985603330,40.739891050,653
id1399824,1,1,-73.995002750,40.740024570,-73.987083440,40.761966710,1243
id0407071,1,3,-73.782234190,40.644573210,-73.808433530,40.736045840,1777
id0353238,2,5,-74.003372190,40.748828890,-73.963104250,40.775825500,819
id3974735,2,1,-73.991714480,40.764713290,-73.980049130,40.783630370,376
id3151105,2,2,-73.978508000,40.755001070,-73.987716670,40.752799990,592
id3009814,1,2,-73.953071590,40.782775880,-73.946334840,40.778820040,228
id3148002,2,1,-74.010078430,40.720951080,-73.977989200,40.734291080,837
id3453520,1,1,-73.953750610,40.785205840,-73.964187620,40.775558470,432
id3225079,1,1,-74.016639710,40.709857940,-73.785713200,40.712226870,2124
id3842035,1,1,-74.001426700,40.731006620,-73.937622070,40.698074340,1069
id2722135,2,6,-73.975189210,40.765071870,-73.970191960,40.766040800,185
id3684742,2,1,-73.978698730,40.755210880,-73.988227840,40.742729190,1133
id2026236,1,1,-74.003639220,40.713619230,-73.979331970,40.783630370,1988
id3924756,1,2,-74.004371640,40.742183690,-73.975479130,40.760425570,960
id1384906,2,1,-73.991615300,40.759761810,-73.974227910,40.743175510,957
id3588665,2,4,-73.990547180,40.745861050,-74.001571660,40.730991360,465
id2840400,1,1,-73.991157530,40.734081270,-74.004989620,40.729690550,544
id3355874,1,1,-73.984375000,40.769687650,-73.954071040,40.764026640,1105
id0363564,2,2,-73.997749330,40.756649020,-73.993026730,40.747138980,449
id0883448,1,3,-74.000038150,40.734863280,-74.007514950,40.733142850,382
id1322536,1,1,-73.984451290,40.724967960,-73.998535160,40.734008790,501
id0559488,2,6,-73.993164060,40.757694240,-73.989089970,40.769435880,519
id3226823,2,3,-73.982849120,40.744628910,-73.984947200,40.759330750,695
id3791668,2,5,-73.962677000,40.775661470,-73.959442140,40.780288700,154
id3170402,2,1,-73.959922790,40.758510590,-73.991790770,40.744121550,494
id3815007,1,1,-73.969215390,40.754093170,-73.973655700,40.737838750,430
id3443107,2,5,-73.967956540,40.768741610,-73.962959290,40.778259280,300
id3942614,2,1,-73.985549930,40.747165680,-73.988060000,40.759574890,258
id1459852,2,1,-73.984382630,40.770126340,-73.970275880,40.757720950,996
id1382741,1,1,-74.008842470,40.713661190,-74.000427250,40.723617550,345
id0531053,1,1,-73.991363530,40.749931340,-73.972824100,40.758663180,940
id0580213,2,1,-73.994911190,40.725448610,-73.964271550,40.712741850,698
id3656168,1,1,-73.999168400,40.749610900,-73.986091610,40.772613530,491
id1971518,1,1,-73.988975520,40.759204860,-73.973991390,40.760589600,605
id3911487,1,1,-73.962112430,40.776100160,-73.968521120,40.764408110,523
id3748596,1,2,-73.969245910,40.766899110,-73.942718510,40.799812320,734
id1485244,1,1,-73.999481200,40.723266600,-74.007286070,40.738151550,661
id0002063,2,1,-73.994773860,40.754970550,-73.996467590,40.745277400,496
id0920470,2,1,-73.968978880,40.757850650,-73.973480220,40.762500760,310
id0487874,2,1,-74.007148740,40.713031770,-73.983428960,40.766273500,2718
id1530336,2,1,-73.980697630,40.729946140,-74.009460450,40.715183260,833
id3466354,1,1,-73.978797910,40.766731260,-73.961669920,40.757801060,426
id1545867,2,1,-73.991287230,40.723709110,-73.987892150,40.734451290,385
id1196772,2,1,-73.982490540,40.762569430,-73.998626710,40.760608670,588
id3276198,2,1,-73.981910710,40.766880040,-73.982597350,40.777179720,306
id0739131,1,1,-73.975158690,40.759181980,-74.005264280,40.707370760,1096
id1527676,1,2,-73.986129760,40.759719850,-74.001487730,40.736064910,970
id1146853,2,4,-74.005393980,40.740810390,-73.950630190,40.821037290,1280
id1891863,1,1,-73.992370610,40.737514500,-73.870841980,40.774078370,2137
id0238963,2,1,-73.980018620,40.786018370,-73.976333620,40.759067540,1622
id0865346,1,1,-73.987190250,40.750743870,-73.805458070,40.682220460,2066
id1641073,2,1,-73.990737920,40.766227720,-73.994834900,40.750083920,842
id0674512,1,1,-73.965408330,40.795379640,-74.012573240,40.701553340,1089
id1709044,2,1,-73.985191350,40.729091640,-73.980964660,40.741783140,459
id1637128,2,1,-73.955535890,40.779693600,-73.953552250,40.787971500,191
id2166004,2,3,-74.009712220,40.720390320,-73.984931950,40.691978450,795
id3714906,1,1,-73.989494320,40.753677370,-73.988334660,40.745948790,407
id1002278,1,1,-73.944038390,40.711578370,-73.838386540,40.703369140,1059
id2248491,2,5,-73.990516660,40.730579380,-74.001739500,40.735210420,370
id3813882,1,2,-74.006309510,40.744682310,-73.991683960,40.765033720,335
id0290690,2,1,-73.981750490,40.768569950,-73.984817500,40.764419560,218
id0872691,1,1,-73.987976070,40.761596680,-73.973739620,40.779636380,538
id3812360,2,1,-73.997253420,40.725509640,-73.993942260,40.732540130,531
id2111520,2,2,-73.988731380,40.748840330,-73.982963560,40.760120390,334
id2378477,2,1,-73.971527100,40.795398710,-73.954879760,40.820209500,573
id2653245,2,2,-73.992202760,40.721332550,-73.954406740,40.685863490,794
id3908396,2,2,-73.961120610,40.771968840,-73.965759280,40.765430450,445
id3105640,1,1,-73.977981570,40.684780120,-73.954132080,40.613346100,1537
id1737882,2,1,-73.958969120,40.768009190,-73.982490540,40.766059880,843
id0998101,2,6,-73.980926510,40.779697420,-73.975021360,40.784332280,174
id0102349,2,2,-73.970581050,40.758731840,-73.998672490,40.749828340,942
id3355382,1,1,-73.878822330,40.740196230,-73.935478210,40.743068700,604
id3381901,1,1,-74.006294250,40.749904630,-73.967002870,40.761013030,2026
id0214120,2,1,-73.976112370,40.776149750,-73.979316710,40.765338900,655
id1506453,1,1,-73.990821840,40.755752560,-73.997528080,40.722435000,2831
id3259541,2,1,-73.985382080,40.750251770,-74.010597230,40.709819790,1458
id2194188,2,1,-73.986122130,40.726428990,-73.999420170,40.720249180,612
id2042535,1,1,-73.978981020,40.756519320,-73.992164610,40.749202730,629
id2419613,1,1,-73.954750060,40.765514370,-73.991096500,40.726173400,1039
id2695986,1,1,-73.955520630,40.779277800,-73.978904720,40.742778780,540
id3247633,1,1,-73.955146790,40.782554630,-73.966636660,40.807975770,761
id0194198,2,4,-73.862663270,40.768768310,-73.975219730,40.763511660,2699
id0260905,1,1,-73.972297670,40.756065370,-73.990394590,40.771766660,711
id0398807,2,6,-73.973571780,40.752166750,-73.974533080,40.730266570,1004
id1428415,1,1,-73.980285640,40.734428410,-73.976341250,40.763988490,897
id3920713,2,2,-73.975646970,40.741409300,-73.977241520,40.726371770,402
id1287069,1,2,-73.989448550,40.741699220,-73.982482910,40.767631530,1147
id2654799,2,2,-74.003906250,40.741931920,-73.999504090,40.761333470,620
id1504893,1,1,-73.977279660,40.758186340,-73.958351140,40.781501770,803
id3838936,1,2,-73.994071960,40.741111760,-73.998672490,40.742256160,166
id3953004,2,5,-73.984397890,40.728549960,-73.972190860,40.747570040,401
id3539226,2,1,-74.007003780,40.739871980,-74.005897520,40.740173340,67
id1385785,1,1,-73.976684570,40.788238530,-73.965545650,40.755252840,1173
id1647538,1,1,-73.980941770,40.757831570,-73.991050720,40.760486600,695
id3300666,2,1,-73.970718380,40.758808140,-73.975601200,40.752689360,286
id0763508,1,1,-74.007568360,40.732715610,-74.002502440,40.724803920,493
id1638050,1,1,-74.009407040,40.706123350,-73.974632260,40.751159670,669
id3468368,1,1,-73.958106990,40.769290920,-73.954208370,40.764114380,370
id0556588,2,5,-73.991706850,40.747764590,-73.980323790,40.743236540,411
id2975591,1,1,-73.993759160,40.732719420,-73.991279600,40.742263790,768
id1348785,1,1,-73.962196350,40.767795560,-73.968940730,40.763557430,315
id0938598,1,1,-73.978553770,40.736995700,-73.957130430,40.766151430,392
id1937745,2,2,-73.990974430,40.760631560,-73.994720460,40.750450130,404
id1245739,2,1,-73.782051090,40.644641880,-73.992759700,40.681339260,2641
id3646418,1,1,-73.960220340,40.798000340,-73.981018070,40.761985780,1272
id0610780,1,1,-73.975563050,40.781818390,-73.975585940,40.760749820,503
id1811004,1,1,-73.966140750,40.762146000,-73.956153870,40.767593380,706
id3034691,2,1,-73.967102050,40.788307190,-73.971679690,40.763923650,766
id0815381,2,1,-73.949989320,40.784591670,-73.951705930,40.790508270,215
id0257838,1,1,-73.961967470,40.768325810,-73.990364070,40.751029970,1597
id0852257,2,1,-73.862678530,40.768901820,-73.885566710,40.741241460,1162
id3193947,2,3,-73.985481260,40.758121490,-73.999656680,40.744159700,382
id0309774,2,4,-73.996116640,40.763919830,-73.993637080,40.757331850,199
id1611149,1,1,-73.969017030,40.754108430,-73.990333560,40.751445770,913
id1290138,1,1,-73.990165710,40.772277830,-73.992721560,40.756084440,512
id1719238,1,2,-73.989921570,40.729331970,-73.966979980,40.769126890,933
id0317057,1,1,-73.988403320,40.749122620,-73.928627010,40.760757450,1370
id0021343,2,1,-73.944465640,40.779293060,-73.974540710,40.793418880,1074
id2276933,1,2,-74.004890440,40.709064480,-73.997276310,40.721946720,898
id2625436,2,1,-73.988975520,40.736671450,-74.001770020,40.740383150,382
id2799386,1,1,-74.008628850,40.739459990,-73.981887820,40.771038060,812
id3564443,2,1,-74.004386900,40.742340090,-73.994911190,40.750198360,248
id2566177,1,2,-73.972694400,40.793396000,-73.960784910,40.797454830,283
id0549263,2,2,-73.977706910,40.752319340,-74.005989070,40.740051270,1238
id2835129,2,2,-73.936477660,40.814411160,-73.943275450,40.802658080,387
id2487895,1,1,-73.995323180,40.749767300,-73.979057310,40.758964540,928
id2067010,2,3,-73.966247560,40.767921450,-73.992317200,40.749401090,1813
id2904998,2,1,-73.961631770,40.768501280,-73.989234920,40.714176180,1119
id3405803,2,1,-73.956848140,40.766620640,-73.938903810,40.793308260,360
id0645865,2,2,-73.953147890,40.791618350,-73.968208310,40.797229770,185
id3545530,2,1,-74.006462100,40.743869780,-74.015502930,40.711341860,577
id2139965,1,2,-74.003631590,40.713554380,-73.991394040,40.733306880,687
id1801685,1,1,-73.975936890,40.751953130,-73.983680730,40.740924840,247
id2004798,2,2,-73.982536320,40.772201540,-73.984626770,40.757068630,1129
id3131928,2,2,-73.978454590,40.741306300,-73.976493840,40.732456210,299
id0301361,1,1,-73.955718990,40.777946470,-73.962059020,40.773143770,459
id3709717,2,1,-73.998909000,40.761070250,-73.960380550,40.803878780,636
id0131920,2,1,-73.996604920,40.725509640,-73.996238710,40.725795750,1905
id2873647,1,1,-73.980003360,40.785667420,-73.964477540,40.775932310,640
id3949616,1,1,-73.990875240,40.756179810,-73.974044800,40.757358550,858
id1773809,2,1,-73.955146790,40.773242950,-73.958900450,40.780605320,258
id3630882,1,2,-73.973831180,40.763767240,-73.994766240,40.760208130,468
id0868843,2,2,-74.002326970,40.739818570,-73.997619630,40.756568910,440
id3806962,2,6,-74.005363460,40.722339630,-73.994697570,40.740139010,280
id1256619,1,1,-73.999008180,40.728015900,-73.978096010,40.717502590,654
id3940741,1,1,-73.984657290,40.768440250,-73.974845890,40.782867430,832
id1135189,1,1,-74.000167850,40.734531400,-73.991149900,40.750877380,1304
id0381402,1,2,-73.990600590,40.718681340,-73.956695560,40.717273710,771
id0544194,1,1,-73.968498230,40.764888760,-73.963104250,40.768974300,389
id1138893,1,1,-73.960929870,40.769233700,-73.964973450,40.766536710,248
id0473184,2,6,-73.945304870,40.774120330,-73.954162600,40.778987880,187
id2672200,1,1,-73.964324950,40.773593900,-73.989768980,40.738483430,1324
id2775619,1,2,-73.986946110,40.747749330,-73.979087830,40.787174220,924
id0779024,2,1,-73.960426330,40.778625490,-73.965606690,40.805507660,873
id2225999,2,2,-73.988395690,40.728809360,-74.002845760,40.749542240,659
id1001293,1,1,-73.977752690,40.745738980,-73.981063840,40.747047420,84
id2897593,2,1,-73.962799070,40.794429780,-73.977981570,40.780471800,774
id0320308,2,1,-73.954322810,40.789901730,-73.954345700,40.776420590,599
id0654976,2,1,-73.972389220,40.794139860,-73.977821350,40.787048340,165
id1378596,2,1,-73.978332520,40.741600040,-73.989662170,40.738338470,407
id3783986,1,1,-74.003173830,40.732986450,-74.008041380,40.711185460,549
id3609969,2,6,-74.002754210,40.739589690,-74.002655030,40.750415800,312
id0701532,1,1,-73.960838320,40.774757390,-73.970611570,40.758823390,1730
id3887413,2,1,-73.958229060,40.764690400,-74.001098630,40.714691160,1416
id0108955,1,4,-73.985275270,40.758243560,-74.001976010,40.738246920,593
id3275625,2,2,-73.981987000,40.772586820,-73.971939090,40.766059880,748
id3200728,2,1,-73.995880130,40.759189610,-73.979873660,40.752780910,1074
id0965307,2,1,-73.986061100,40.747161870,-73.980270390,40.735149380,391
id0422722,2,6,-74.012809750,40.708179470,-73.984977720,40.742088320,1378
id0020892,1,1,-73.978050230,40.754093170,-73.984855650,40.774192810,1429
id2778242,1,1,-73.990837100,40.755699160,-73.976165770,40.763870240,379
id0851262,1,1,-73.970954900,40.748054500,-73.988655090,40.756381990,722
id3741701,2,1,-73.872879030,40.774200440,-73.995796200,40.764350890,2717
id2512157,1,1,-73.980308530,40.781558990,-73.958671570,40.778339390,873
id1732495,2,2,-73.870887760,40.773811340,-73.836036680,40.705478670,1180
id2742829,2,2,-74.009010310,40.718631740,-74.010757450,40.717491150,222
id1647735,2,1,-73.939781190,40.790050510,-73.916381840,40.841957090,854
id2657420,1,1,-73.982101440,40.745903020,-73.993843080,40.683250430,1290
id1221003,2,2,-73.964767460,40.755668640,-73.966186520,40.762001040,216
id2930554,2,1,-73.979377750,40.767131810,-73.972190860,40.781318660,527
id2870933,2,2,-74.002807620,40.723587040,-73.999763490,40.730415340,194
id3129935,1,2,-73.949119570,40.785259250,-73.946945190,40.795745850,697
id0217206,2,1,-73.975097660,40.754638670,-73.995552060,40.735889430,543
id0249249,1,1,-73.984695430,40.758468630,-73.992485050,40.744945530,211
id3129705,2,1,-73.972717290,40.749389650,-73.967117310,40.756618500,235
id1556806,1,1,-73.987319950,40.768505100,-73.974090580,40.759826660,725
id2823249,2,1,-73.985054020,40.753280640,-73.990921020,40.770915990,784
id1937747,2,6,-73.993133540,40.767856600,-73.983016970,40.767745970,242
id1175263,1,1,-73.978309630,40.753471370,-73.991584780,40.750041960,707
id1999486,1,2,-73.982246400,40.762218480,-73.995750430,40.743991850,623
id1503926,1,1,-73.997177120,40.722015380,-73.965217590,40.716880800,767
id3885431,1,2,-73.788261410,40.647361760,-74.007446290,40.577190400,1733
id2116614,2,1,-73.975097660,40.765121460,-73.970748900,40.760589600,170
id0704699,1,1,-73.991043090,40.744915010,-73.979621890,40.760604860,606
id0909228,1,1,-73.988510130,40.742935180,-74.010620120,40.723506930,926
id0846940,2,1,-74.002937320,40.728321080,-73.975227360,40.744518280,1488
id2584470,1,1,-74.000389100,40.732421880,-73.955444340,40.765743260,950
id1936858,1,1,-73.968292240,40.796787260,-73.962257390,40.802261350,162
id2702727,1,1,-74.006774900,40.716182710,-73.992530820,40.724071500,556
id1074936,1,1,-73.971923830,40.747356410,-73.979995730,40.733524320,318
id1613182,2,1,-74.005668640,40.717796330,-73.972053530,40.747325900,1179
id2310579,1,1,-74.002891540,40.744777680,-73.963638310,40.765777590,1587
id3783123,2,5,-73.870910640,40.773818970,-73.940963750,40.815910340,1575
id1979413,2,5,-74.005500790,40.709388730,-73.980522160,40.721790310,630
id0567555,2,3,-73.978881840,40.723960880,-73.942062380,40.795391080,966
id2034134,1,1,-74.006202700,40.734130860,-73.994430540,40.736396790,513
id3152592,2,2,-73.988739010,40.751857760,-73.983734130,40.752861020,281
id0856966,2,1,-73.990303040,40.756713870,-73.956695560,40.768005370,873
id2235544,1,1,-73.944412230,40.714733120,-73.944824220,40.725585940,236
id1623771,2,1,-74.000923160,40.731853490,-73.981727600,40.749450680,1049
id3234283,2,1,-73.947273250,40.779918670,-73.955863950,40.779613490,292
id1559226,2,1,-74.015754700,40.710884090,-73.978919980,40.750488280,1293
id0761430,2,2,-73.986099240,40.762100220,-73.968643190,40.756000520,410
id1174904,2,5,-73.971412660,40.750911710,-73.976692200,40.743759160,159
id2357219,2,1,-73.985321040,40.758026120,-74.017196660,40.711570740,1128
id2560160,2,1,-73.991676330,40.737827300,-73.979690550,40.760883330,414
id0244490,2,1,-73.985511780,40.760238650,-74.011474610,40.714683530,1319
id0476703,1,1,-73.952270510,40.824203490,-73.938041690,40.855506900,681
id0205616,2,1,-73.959510800,40.782688140,-73.968795780,40.770042420,176
id0015649,2,2,-73.978340150,40.745441440,-73.987266540,40.755672450,587
id1622754,2,1,-73.982498170,40.747810360,-74.009658810,40.707855220,2070
id3523588,1,1,-73.783622740,40.648647310,-73.848731990,40.738868710,921
id0477521,1,1,-74.006431580,40.733543400,-73.978088380,40.736488340,544
id0132454,2,1,-73.976058960,40.744724270,-74.009780880,40.722320560,1360
id0331003,2,1,-73.963867190,40.773738860,-73.956497190,40.784030910,193
id1381183,1,1,-73.964630130,40.769718170,-73.946868900,40.771984100,483
id3757027,2,1,-73.975456240,40.752559660,-74.010498050,40.704570770,675
id3843842,2,1,-73.981468200,40.778800960,-73.940551760,40.814399720,890
id1937195,1,1,-74.009422300,40.712821960,-73.981346130,40.753810880,1367
id1111113,2,1,-74.003921510,40.742221830,-73.957290650,40.805210110,1907
id2463093,2,1,-74.000350950,40.730110170,-73.978149410,40.780471800,1108
id3514394,2,1,-73.969367980,40.763267520,-73.952201840,40.784729000,560
id0736521,1,2,-73.956977840,40.714599610,-73.953636170,40.728885650,357
id0153673,2,6,-74.007858280,40.705295560,-74.013481140,40.715263370,604
id0412621,1,1,-73.979293820,40.763755800,-73.988578800,40.731269840,993
id2084158,1,1,-73.985122680,40.741722110,-74.015472410,40.711505890,1104
id0366084,2,1,-73.993309020,40.750190730,-74.004997250,40.742229460,395
id3823253,2,1,-73.957481380,40.761531830,-73.870582580,40.773880000,799
id2187774,2,3,-74.003005980,40.708248140,-73.959190370,40.720710750,1870
id0564872,2,2,-73.992668150,40.754089360,-73.973182680,40.693260190,1770
id2352567,1,1,-73.978263850,40.762878420,-73.965690610,40.800682070,866
id0554991,1,1,-73.982948300,40.767917630,-73.965995790,40.768501280,626
id2569084,1,1,-73.982437130,40.740314480,-73.960365300,40.761810300,514
id2807512,2,5,-73.977302550,40.753761290,-74.006820680,40.730991360,2246
id1518507,1,1,-74.005149840,40.751403810,-73.967773440,40.766010280,1301
id2305320,2,1,-73.997596740,40.756378170,-73.989280700,40.745510100,491
id3823668,2,3,-73.949989320,40.789749150,-73.938766480,40.804748540,256
id0037351,2,1,-73.953536990,40.766750340,-73.995117190,40.743980410,1561
id0573653,1,1,-73.955802920,40.764007570,-73.975364690,40.752330780,1073
id1388849,2,1,-73.993400570,40.749710080,-73.998153690,40.720138550,1499
id1000147,2,1,-73.997360230,40.746761320,-73.994476320,40.747520450,229
id3033963,2,1,-73.937950130,40.812549590,-73.996070860,40.763950350,933
id3164647,1,2,-73.991668700,40.749633790,-73.977272030,40.750690460,477
id3177384,2,6,-73.970428470,40.749130250,-73.988571170,40.748668670,646
id2553221,1,2,-73.994224550,40.726425170,-73.964111330,40.773658750,989
id1904594,1,4,-73.991058350,40.755531310,-73.987197880,40.759254460,619
id1054281,2,1,-73.991233830,40.750007630,-73.987701420,40.760124210,653
id3763686,2,1,-73.987594600,40.721618650,-73.966125490,40.761993410,1026
id1696276,1,3,-73.972236630,40.759552000,-73.953475950,40.777011870,642
id3908859,1,2,-73.963859560,40.761344910,-73.909042360,40.771663670,1003
id1819147,2,1,-73.985534670,40.767837520,-73.998985290,40.753700260,610
id3454179,1,1,-73.863548280,40.769809720,-73.972930910,40.749214170,1905
id0350661,1,2,-73.949905400,40.780704500,-74.005279540,40.733341220,1912
id2426559,1,2,-74.005882260,40.735877990,-73.999641420,40.723503110,704
id1132903,1,1,-73.960227970,40.781253810,-73.975593570,40.758548740,1976
id2920235,2,1,-74.005867000,40.740119930,-74.004020690,40.720890050,509
id2171557,2,4,-73.960693360,40.772491460,-73.984817500,40.736499790,739
id2826811,2,1,-73.982154850,40.731861110,-73.951553340,40.770977020,635
id1929994,1,1,-73.967178340,40.755916600,-73.959198000,40.763431550,524
id3614343,1,1,-73.985198970,40.747779850,-73.979049680,40.741264340,312
id0245800,2,5,-73.974441530,40.778026580,-73.986381530,40.753509520,1490
id1212273,1,2,-73.981170650,40.720836640,-73.986167910,40.730178830,346
id3404596,2,6,-73.989250180,40.756259920,-73.972129820,40.763408660,557
id3171288,2,1,-73.984863280,40.732551570,-73.988899230,40.726951600,92
id2816240,1,1,-73.969573970,40.797863010,-73.995056150,40.749858860,824
id3505430,1,1,-73.991043090,40.750537870,-74.004219060,40.720878600,542
id0937319,1,1,-73.962776180,40.775493620,-73.951087950,40.786056520,139
id1354053,1,2,-73.987167360,40.721080780,-73.982513430,40.719631200,150
id3552614,1,1,-73.991920470,40.764606480,-73.954406740,40.767292020,962
id0194083,2,4,-73.990119930,40.714168550,-74.006317140,40.733669280,1126
id3522352,1,1,-74.001350400,40.731273650,-73.980735780,40.770858760,646
id1951436,2,2,-74.007606510,40.712688450,-73.949699400,40.678680420,1486
id2611097,2,1,-73.955261230,40.768741610,-73.988227840,40.747470860,1744
id2623219,1,1,-73.982513430,40.762519840,-73.981925960,40.767719270,691
id3617577,2,5,-73.954826350,40.767421720,-73.969924930,40.762302400,361
id0808984,2,1,-73.967811580,40.762859340,-73.976600650,40.782333370,550
id3499387,1,1,-73.786720280,40.647041320,-73.786720280,40.647041320,580
id0265651,1,2,-73.986221310,40.747108460,-73.991012570,40.739646910,224
id0633954,1,1,-73.967483520,40.762683870,-74.009376530,40.746673580,1945
id1046492,2,2,-73.955177310,40.783081050,-73.969161990,40.793579100,527
id3401416,2,1,-73.969413760,40.762699130,-73.994361880,40.732151030,590
id1213658,2,1,-73.980491640,40.751026150,-73.972023010,40.762790680,313
id0080798,2,1,-74.015136720,40.714187620,-73.975395200,40.717613220,565
id2403400,2,2,-73.962585450,40.767173770,-73.954833980,40.780036930,381
id3107458,1,1,-74.001396180,40.730934140,-73.994010930,40.746223450,325
id2833082,1,1,-73.992584230,40.737293240,-73.776763920,40.644832610,2743
id2584444,1,2,-73.955642700,40.809291840,-73.972404480,40.786346440,506
id2523325,2,1,-73.973907470,40.793899540,-73.966766360,40.789081570,271
id3658881,2,2,-73.862693790,40.768989560,-73.988670350,40.693691250,2089
id3084276,2,6,-73.977264400,40.764343260,-73.982261660,40.774269100,287
id1600477,1,1,-73.935806270,40.849971770,-73.923553470,40.846935270,810
id1890300,2,1,-74.004531860,40.733310700,-74.007789610,40.703048710,605
id0757676,1,1,-73.955909730,40.787883760,-73.958038330,40.782306670,200
id1818483,1,1,-73.987037660,40.739223480,-73.977684020,40.725757600,421
id2652837,1,3,-74.005714420,40.736736300,-74.002670290,40.748725890,415
id1456458,2,1,-73.950141910,40.822021480,-73.949943540,40.807960510,390
id2704068,2,1,-73.972358700,40.765220640,-73.955238340,40.720088960,1563
id3955115,2,1,-73.962669370,40.769718170,-73.962593080,40.764858250,318
id0635524,2,1,-73.991767880,40.749179840,-73.968421940,40.760719300,1455
id0711116,2,5,-73.986778260,40.721191410,-73.981338500,40.728988650,187
id1948930,2,1,-73.949966430,40.771240230,-73.961700440,40.770290370,252
id3480123,1,1,-73.986915590,40.758819580,-73.973022460,40.764877320,1679
id2072841,2,1,-73.979278560,40.762481690,-73.991592410,40.750278470,1378
id3633511,1,1,-73.956413270,40.771327970,-73.979568480,40.733058930,688
id2827889,1,2,-73.994804380,40.729488370,-73.984184270,40.763149260,1427
id0556653,2,2,-74.000747680,40.718280790,-73.996139530,40.690948490,476
id0318778,1,1,-73.782386780,40.644512180,-73.982048030,40.771957400,2566
id1922478,2,1,-73.954444890,40.821220400,-73.952789310,40.810791020,437
id1340693,1,1,-73.984970090,40.774242400,-73.980430600,40.780368800,209
id0461973,2,1,-73.988922120,40.736831670,-73.982688900,40.776920320,2296
id1374613,1,1,-73.997718810,40.740989690,-73.956230160,40.784477230,1315
id0620947,1,2,-73.955215450,40.785854340,-73.954391480,40.800903320,584
id0871223,1,1,-73.953887940,40.766952510,-73.953849790,40.787883760,796
id3631567,1,2,-73.982398990,40.776916500,-73.938682560,40.833747860,1292
id0931156,1,1,-73.986511230,40.661102290,-73.970573430,40.672435760,835
id3307673,2,5,-73.979820250,40.740699770,-73.992057800,40.749248500,338
id1203658,2,1,-74.009193420,40.713348390,-74.004470830,40.741561890,1145
id2695306,1,1,-73.981117250,40.744426730,-73.975692750,40.751354220,214
id0825711,2,1,-73.948631290,40.781517030,-73.973228450,40.783538820,792
id0606164,1,1,-73.978103640,40.752277370,-73.993583680,40.696128850,1647
id0047550,1,1,-73.976814270,40.750450130,-73.985443120,40.763332370,1337
id3770788,2,1,-73.963386540,40.757957460,-73.953262330,40.771598820,251
id0767781,1,1,-74.000221250,40.732818600,-73.985038760,40.760276790,589
id1179349,1,2,-73.971679690,40.755416870,-73.987182620,40.760387420,976
id0560934,1,1,-73.870697020,40.773597720,-73.974784850,40.752140050,1959
id0972813,2,1,-73.977668760,40.752170560,-73.871040340,40.774051670,1371
id1201454,2,1,-73.972389220,40.745262150,-73.963409420,40.757495880,179
id0744544,1,1,-73.986839290,40.760948180,-73.959007260,40.763813020,596
id0923913,2,1,-73.981422420,40.768268590,-73.981040950,40.782150270,661
id1761032,1,1,-73.944717410,40.779270170,-73.980003360,40.745811460,2026
id1554407,2,2,-73.996665950,40.742725370,-73.985305790,40.728393550,922
id2438420,1,1,-73.966255190,40.754066470,-73.957305910,40.768497470,369
id1298927,2,1,-73.978813170,40.758739470,-73.982818600,40.742061610,466
id1256991,2,1,-73.989120480,40.748626710,-73.982872010,40.746109010,441
id0983980,1,1,-73.973022460,40.757747650,-73.983016970,40.761222840,791
id2456902,1,1,-74.008369450,40.722118380,-73.976554870,40.751750950,785
id1714757,1,4,-73.986686710,40.758407590,-74.005043030,40.723720550,887
id1014588,1,4,-73.980010990,40.726711270,-74.010452270,40.713836670,1777
id1003405,2,6,-74.001037600,40.718700410,-74.007751460,40.720142360,857
id3885767,1,2,-73.966232300,40.768146510,-73.948501590,40.809021000,1863
id2022146,2,1,-73.969833370,40.750679020,-73.940437320,40.808948520,871
id0885168,2,1,-73.973533630,40.751678470,-73.948822020,40.773868560,927
id3027389,1,1,-73.968772890,40.761249540,-73.978332520,40.763401030,303
id2772572,1,1,-73.950469970,40.779586790,-73.896057130,40.816463470,794
id3025140,2,2,-73.947006230,40.780090330,-73.946983340,40.771881100,290
id2862186,2,2,-73.955810550,40.782211300,-73.865219120,40.770698550,1403
id1309210,1,1,-74.010551450,40.714065550,-74.005325320,40.719940190,787
id1928326,1,1,-73.985542300,40.752658840,-73.996002200,40.758991240,236
id3697489,1,1,-73.948982240,40.781578060,-73.982345580,40.778923030,892
id1790044,2,5,-73.993881230,40.731231690,-73.973052980,40.758049010,748
id1887303,2,1,-73.997436520,40.719398500,-73.981353760,40.724800110,578
id1978546,2,1,-73.962173460,40.778991700,-73.988098140,40.776996610,664
id1216848,2,5,-73.984550480,40.760948180,-73.986473080,40.722221370,1148
id1088749,1,1,-73.968292240,40.762252810,-73.988014220,40.741203310,905
id1043917,2,1,-74.013778690,40.713977810,-73.957328800,40.720218660,1562
id3923685,1,1,-73.985900880,40.746982570,-74.005279540,40.715629580,702
id1683694,1,3,-73.988250730,40.727832790,-73.976074220,40.740272520,428
id1715659,2,3,-73.984870910,40.743118290,-73.999488830,40.737659450,352
id0136242,1,1,-73.965507510,40.759128570,-73.988037110,40.760437010,712
id0408653,1,1,-73.983604430,40.726799010,-73.917610170,40.705146790,1418
id2995631,2,1,-73.960845950,40.781051640,-73.974586490,40.764945980,756
id2024551,2,1,-73.991836550,40.731193540,-73.984970090,40.747817990,1037
id0000967,2,1,-73.972160340,40.755924220,-73.982284550,40.757041930,299
id2674024,1,2,-73.873001100,40.774101260,-73.972221370,40.756961820,1387
id2062480,2,1,-73.977882390,40.726005550,-73.988739010,40.774238590,1881
id2039685,1,1,-73.963088990,40.774589540,-73.983055110,40.784118650,465
id1816342,2,1,-73.973793030,40.756073000,-73.989669800,40.752235410,918
id1537510,2,5,-73.977752690,40.745517730,-73.987007140,40.759487150,702
id3382236,2,5,-73.975280760,40.760990140,-73.963180540,40.767761230,332
id0984462,1,1,-73.992439270,40.745342250,-73.986434940,40.739830020,545
id3041176,2,2,-74.000411990,40.730121610,-73.983413700,40.765930180,746
id3358294,2,1,-73.981033330,40.733535770,-73.953605650,40.771003720,1642
id0129235,1,2,-73.972610470,40.677421570,-73.972923280,40.652584080,668
id0965422,2,2,-73.962287900,40.759101870,-73.955841060,40.775451660,431
id0183040,2,2,-73.994323730,40.750621800,-73.985969540,40.767753600,489
id2699058,1,1,-74.005363460,40.728481290,-73.987548830,40.736675260,717
id3967576,1,1,-73.996437070,40.737827300,-73.988090520,40.768878940,439
id1497574,2,6,-73.953392030,40.782539370,-73.949165340,40.776885990,266
id3147615,2,3,-73.986122130,40.740379330,-73.972587590,40.746719360,374
id3765697,2,2,-73.989448550,40.665561680,-74.018447880,40.642749790,770
id3461680,2,1,-73.993919370,40.745681760,-73.873199460,40.774360660,1958
id3855917,2,1,-74.006591800,40.744258880,-73.994331360,40.732120510,565
id1920009,1,1,-73.990364070,40.752483370,-73.958587650,40.768791200,1088
id3581820,2,1,-73.991386410,40.749881740,-73.964080810,40.764579770,619
id3769681,1,2,-73.979248050,40.771987920,-73.954498290,40.782428740,469
id1122575,1,3,-73.957283020,40.774070740,-73.957229610,40.770275120,87
id3834849,1,1,-73.990272520,40.755970000,-73.979835510,40.762222290,519
id0498324,1,1,-73.973075870,40.748771670,-73.977813720,40.754631040,751
id2587992,1,1,-74.009361270,40.709075930,-73.949783330,40.772617340,2452
id0801359,2,1,-73.993309020,40.757339480,-74.003807070,40.715618130,1385
id2735670,2,6,-73.985290530,40.768470760,-73.986457820,40.762489320,213
id2941300,2,1,-73.960922240,40.770034790,-73.969741820,40.758426670,419
id3775412,2,1,-73.977432250,40.758651730,-73.988937380,40.757881160,323
id3452332,2,1,-73.985336300,40.758499150,-73.987350460,40.741600040,662
id2598729,2,1,-73.947532650,40.775341030,-73.945289610,40.785961150,272
id2762003,2,5,-73.968612670,40.754661560,-73.983200070,40.722549440,575
id3602048,1,1,-74.007377620,40.707904820,-73.963363650,40.775112150,971
id0159709,2,1,-73.968940730,40.764907840,-73.964698790,40.760063170,227
id0571618,1,2,-74.005287170,40.719158170,-74.015441890,40.714435580,414
id1454947,1,1,-73.972557070,40.760135650,-73.986091610,40.762451170,455
id1447105,1,1,-73.974418640,40.749114990,-73.983451840,40.726383210,549
id3914400,2,5,-73.983749390,40.780601500,-73.983917240,40.770401000,415
id2824917,2,6,-74.001335140,40.731109620,-73.984222410,40.739295960,602
id1922839,2,5,-74.008354190,40.721515660,-74.006668090,40.730831150,173
id1517243,2,1,-73.977340700,40.749660490,-74.002258300,40.726451870,1043
id3066170,1,1,-73.957107540,40.783290860,-73.959167480,40.775100710,298
id1169619,1,4,-74.002883910,40.760433200,-73.992065430,40.748298650,1019
id0944696,2,5,-74.008407590,40.707649230,-74.005851750,40.714710240,539
id2047925,1,1,-73.986320500,40.755634310,-73.968475340,40.762069700,1419
id3471092,2,6,-73.968803410,40.750301360,-73.952362060,40.776466370,1499
id1766678,1,1,-73.993965150,40.760696410,-73.964622500,40.764160160,624
id2018005,2,1,-73.992408750,40.750526430,-73.971687320,40.631504060,2404
id0770935,2,2,-73.964210510,40.764759060,-73.952079770,40.781528470,383
id2432732,2,1,-73.972167970,40.753829960,-73.981887820,40.758171080,313
id3077475,2,1,-74.001220700,40.731311800,-73.997558590,40.726127620,264
id3263580,2,2,-73.782371520,40.648765560,-73.782371520,40.648746490,3
id2590470,2,2,-73.874977110,40.773841860,-73.953727720,40.770801540,1482
id3817092,1,1,-73.862701420,40.768737790,-73.917198180,40.819824220,1012
id3918159,1,1,-73.984062190,40.720783230,-73.973800660,40.750461580,579
id1026973,1,1,-73.982627870,40.762340550,-73.995536800,40.749778750,717
id0972338,1,2,-73.982040410,40.752117160,-73.981681820,40.746654510,183
id0831844,1,1,-73.989135740,40.741413120,-74.005638120,40.748241420,398
id3964626,2,1,-73.777343750,40.646640780,-73.980323790,40.738491060,2268
id2386155,2,1,-73.983528140,40.738029480,-73.983238220,40.737949370,686
id1272729,2,5,-73.922706600,40.754489900,-73.985603330,40.717891690,706
id2576834,2,1,-73.985000610,40.768760680,-73.947242740,40.830661770,974
id2730154,2,5,-73.982200620,40.731811520,-73.979949950,40.734813690,58
id1872397,1,1,-73.948028560,40.774791720,-73.965942380,40.765342710,697
id3223960,1,1,-73.982879640,40.761646270,-74.003395080,40.723846440,1046
id1911726,1,1,-74.004249570,40.742408750,-73.992263790,40.727611540,609
id1160246,1,1,-73.971771240,40.794651030,-73.962120060,40.805370330,249
id2061313,2,1,-73.991615300,40.738597870,-74.007728580,40.746665950,710
id3308583,2,1,-73.974067690,40.764629360,-74.005653380,40.707530980,1592
id1458308,2,1,-73.991363530,40.750419620,-73.971694950,40.758247380,1001
id3995989,2,2,-73.970558170,40.747871400,-73.948089600,40.778968810,831
id0533499,2,1,-73.980026250,40.754360200,-73.994430540,40.740509030,899
id3779756,1,1,-73.977165220,40.751815800,-73.983261110,40.693290710,2016
id2768742,2,1,-73.978355410,40.778141020,-74.005683900,40.745731350,867
id2425126,2,1,-73.983909610,40.743911740,-74.005668640,40.740169530,616
id1676102,1,1,-73.972831730,40.756568910,-73.990165710,40.757476810,331
id2243401,1,1,-74.008934020,40.702156070,-73.975959780,40.755542760,1064
id0835080,2,2,-73.978866580,40.763969420,-73.991310120,40.750286100,899
id3140569,2,2,-73.968490600,40.754859920,-73.931510930,40.757431030,859
id2448137,2,1,-74.007553100,40.740821840,-73.987281800,40.750740050,681
id3250285,2,1,-73.983070370,40.741737370,-74.006057740,40.716110230,449
id0941676,1,1,-73.979629520,40.786396030,-73.997100830,40.762458800,581
id0819471,2,5,-73.998802190,40.719463350,-73.981094360,40.729316710,643
id1053165,2,1,-73.984359740,40.737228390,-73.976104740,40.748252870,481
id2067435,1,1,-73.999824520,40.718235020,-74.014961240,40.709152220,1013
id0048064,2,4,-73.962532040,40.772968290,-73.978698730,40.750991820,897
id3076182,1,1,-73.992187500,40.724861150,-73.992607120,40.742725370,750
id2624983,2,6,-73.989501950,40.756446840,-73.980041500,40.766330720,346
id3211344,1,1,-73.950546260,40.723121640,-73.940559390,40.724483490,203
id0447228,2,1,-74.009666440,40.712848660,-74.015502930,40.714851380,330
id2804134,1,1,-73.952819820,40.783393860,-73.962440490,40.770355220,209
id0780314,1,1,-73.961380000,40.798530580,-73.966072080,40.794712070,103
id2300050,1,2,-73.992820740,40.752689360,-73.984542850,40.691623690,2005
id0632183,1,1,-73.971771240,40.750297550,-73.980697630,40.732280730,413
id3739543,1,1,-73.949409480,40.784935000,-73.948722840,40.803146360,457
id2401419,2,2,-73.981369020,40.689819340,-73.983589170,40.694110870,568
id2987313,2,1,-73.994071960,40.751281740,-73.994293210,40.758525850,166
id1804145,1,1,-73.991447450,40.750232700,-73.992263790,40.725387570,956
id2377925,2,1,-73.988189700,40.723575590,-73.987213130,40.744808200,569
id3560802,2,2,-73.991180420,40.739562990,-74.002075200,40.750698090,579
id0183870,2,1,-73.970451350,40.762531280,-73.969688420,40.757320400,374
id1757289,1,1,-73.954368590,40.763996120,-73.989402770,40.756980900,1075
id1056653,2,1,-73.965774540,40.795124050,-73.942451480,40.841590880,999
id0326349,1,1,-73.946586610,40.772354130,-73.982086180,40.768463130,1107
id1859727,2,1,-73.985427860,40.751968380,-73.994453430,40.740978240,414
id0769422,1,1,-73.982337950,40.772693630,-73.993629460,40.732513430,1058
id2800526,2,1,-73.976158140,40.752281190,-73.981773380,40.755390170,457
id0904672,2,1,-74.001579280,40.728618620,-74.003379820,40.739109040,631
id0060684,2,6,-73.989677430,40.756725310,-73.994628910,40.750492100,605
id3712759,2,2,-73.985664370,40.743862150,-74.003845210,40.707790370,648
id1853128,1,1,-73.978630070,40.777515410,-73.962562560,40.799137120,473
id3675063,2,1,-73.954277040,40.784378050,-73.966827390,40.766712190,515
id0234320,2,2,-73.977058410,40.754879000,-73.862037660,40.768650050,1728
id3969005,1,1,-73.969192500,40.763858800,-73.961013790,40.777309420,522
id2528829,1,1,-73.983131410,40.760345460,-73.965454100,40.763050080,681
id0599523,1,4,-74.014495850,40.712539670,-74.005043030,40.747989650,824
id2503542,1,1,-73.955169680,40.773170470,-73.976081850,40.741958620,907
id2663024,1,3,-73.950332640,40.801300050,-73.964927670,40.806350710,577
id2694422,2,6,-73.946052550,40.777179720,-74.015548710,40.711563110,951
id1976927,1,1,-74.004104610,40.728527070,-73.983840940,40.768257140,1254
id0843100,1,1,-73.985015870,40.758304600,-73.979919430,40.745727540,683
id3151483,1,2,-73.985115050,40.766403200,-73.981460570,40.774394990,589
id1085643,1,1,-73.977478030,40.766170500,-73.967979430,40.787044530,575
id2388028,2,2,-73.985160830,40.762031560,-73.952186580,40.771198270,1188
id3128481,2,1,-73.987266540,40.755748750,-73.985382080,40.690841670,1393
id3137071,1,1,-74.005516050,40.717174530,-73.989532470,40.740684510,714
id0283582,2,1,-73.978012080,40.757286070,-73.982986450,40.758464810,446
id2351647,1,1,-73.994285580,40.702823640,-73.988906860,40.664501190,602
id2342055,2,2,-73.979469300,40.745277400,-74.002372740,40.760662080,968
id3207287,2,1,-73.964889530,40.791412350,-73.972633360,40.790016170,328
id3137021,1,1,-73.967765810,40.801181790,-73.959396360,40.813953400,266
id0059372,1,1,-73.989303590,40.736221310,-73.986022950,40.726528170,356
id1009360,2,1,-73.988967900,40.748050690,-73.982231140,40.756599430,281
id0866826,2,2,-73.953567500,40.779380800,-73.949401860,40.785041810,85
id3203355,2,5,-73.949981690,40.772098540,-73.967018130,40.763778690,534
id3796995,2,1,-73.962409970,40.758865360,-73.955024720,40.767246250,292
id2370080,2,3,-73.998191830,40.735374450,-73.991943360,40.749362950,440
id2892400,1,1,-73.978752140,40.785377500,-73.979530330,40.771560670,428
id2051212,2,1,-73.950202940,40.771698000,-73.974136350,40.787471770,697
id1678366,1,1,-73.961753850,40.776016240,-73.995025630,40.733974460,2089
id0862941,2,1,-73.972717290,40.785011290,-73.956520080,40.786849980,405
id0469159,2,5,-73.956291200,40.781299590,-73.951660160,40.774448390,430
id1946987,2,2,-73.990051270,40.729473110,-73.962631230,40.654621120,1336
id0098171,2,1,-73.983062740,40.765995030,-73.978683470,40.754348750,582
id3451821,2,1,-73.979156490,40.744411470,-73.954269410,40.775485990,744
id2573202,1,2,-73.968757630,40.791389470,-73.943862920,40.794536590,530
id3340409,2,1,-73.977096560,40.743312840,-73.981689450,40.768218990,800
id3591396,2,2,-73.980766300,40.769840240,-73.989242550,40.747959140,536
id1864783,2,2,-73.965736390,40.762413020,-73.907875060,40.880065920,2396
id1201558,1,1,-73.982101440,40.773056030,-73.988365170,40.769313810,267
id1462654,1,1,-73.992248540,40.748367310,-73.998054500,40.756126400,387
id0047649,1,4,-73.885360720,40.773101810,-73.914543150,40.885860440,1694
id0005214,2,2,-73.986068730,40.746501920,-73.962493900,40.764221190,751
id3878193,2,5,-73.987220760,40.733329770,-73.982978820,40.744419100,456
id2553871,1,1,-73.983886720,40.749069210,-73.984741210,40.742885590,257
id1527619,1,1,-73.996376040,40.748836520,-73.987129210,40.697566990,1327
id3813398,1,1,-73.989158630,40.752986910,-74.005538940,40.738876340,344
id0112070,2,2,-73.955238340,40.768848420,-73.958137510,40.773128510,174
id0054578,1,1,-73.966720580,40.769916530,-73.947448730,40.775283810,596
id3570508,1,2,-73.982284550,40.768199920,-73.978012080,40.751068120,1181
id2952272,2,1,-73.974838260,40.782966610,-73.939781190,40.840972900,820
id3413393,2,1,-73.982208250,40.768119810,-73.996116640,40.753700260,414
id0823435,2,1,-74.000297550,40.711139680,-73.981941220,40.769119260,1021
id0606104,2,6,-73.870872500,40.773746490,-73.954307560,40.719024660,730
id2814984,1,1,-73.993850710,40.762256620,-73.982017520,40.766643520,560
id3878816,2,5,-73.986869810,40.719608310,-73.957473750,40.718120570,560
id1942347,1,1,-73.966903690,40.767272950,-73.971916200,40.759548190,286
id1207558,1,1,-73.776733400,40.645168300,-73.911651610,40.705966950,1558
id2019893,2,3,-73.996887210,40.742191310,-73.982475280,40.759933470,322
id2575446,1,2,-73.987808230,40.755737300,-73.979888920,40.765548710,443
id0394946,1,1,-73.997871400,40.746150970,-73.977302550,40.784629820,583
id1868530,1,1,-73.973724370,40.763168330,-73.990837100,40.745498660,1280
id2087588,2,5,-73.998840330,40.734455110,-73.980987550,40.750305180,798
id0731416,2,1,-73.778968810,40.647361760,-73.829689030,40.713039400,1784
id3133710,1,1,-73.994232180,40.741249080,-73.995330810,40.749629970,221
id0382926,2,1,-74.000099180,40.760898590,-74.009002690,40.732585910,761
id1632403,1,1,-73.987648010,40.760482790,-73.977027890,40.765186310,234
id1507942,1,1,-73.974670410,40.752056120,-74.012138370,40.716953280,795
id1751730,1,1,-73.924079900,40.743999480,-73.999069210,40.742446900,1305
id2969048,1,2,-73.986434940,40.730472560,-73.991897580,40.732837680,270
id3044235,2,1,-73.964538570,40.756465910,-73.981124880,40.762813570,521
id3105039,2,2,-73.976806640,40.764900210,-73.980339050,40.767536160,123
id2299069,2,4,-73.983268740,40.757762910,-73.968132020,40.757316590,530
id1772192,1,1,-73.776756290,40.645385740,-73.985595700,40.731266020,2114
id2470556,2,1,-73.986289980,40.767192840,-73.973190310,40.746158600,1025
id3660750,2,1,-73.975563050,40.755340580,-73.971290590,40.761028290,304
id0627179,2,6,-74.001106260,40.739261630,-73.981811520,40.724590300,518
id2743455,2,2,-73.980072020,40.784000400,-73.944763180,40.834407810,447
id3481094,1,1,-73.972564700,40.758510590,-73.980384830,40.759765630,204
id1240888,1,1,-73.981285100,40.759548190,-73.987510680,40.780307770,652
id1850357,2,1,-74.000343320,40.721340180,-73.999710080,40.738563540,856
id1282615,2,2,-73.999031070,40.739299770,-74.006507870,40.721530910,327
id3600299,1,3,-73.977622990,40.779243470,-73.978759770,40.759170530,535
id0015493,1,1,-74.005485530,40.728618620,-73.643424990,40.670379640,2451
id0671052,1,2,-73.980751040,40.729888920,-73.984123230,40.725410460,346
id0702699,2,1,-73.978462220,40.783058170,-73.952651980,40.799919130,616
id0862403,2,1,-73.982398990,40.777492520,-73.939620970,40.805263520,869
id1442956,2,5,-74.005462650,40.745731350,-73.963638310,40.758689880,1402
id1859156,1,3,-73.969253540,40.754047390,-73.593582150,41.043865200,2534
id1774111,1,1,-73.988273620,40.774810790,-73.996124270,40.761631010,441
id1333989,1,1,-73.983695980,40.744430540,-73.978324890,40.737735750,380
id3812910,2,1,-73.982002260,40.736511230,-74.012710570,40.702178960,572
id3740726,1,2,-74.012748720,40.717121120,-73.955787660,40.764362340,1303
id3030554,1,1,-73.988128660,40.746021270,-73.923713680,40.767948150,1402
id2891699,2,5,-73.994209290,40.761638640,-74.011993410,40.718929290,1108